{
  "IcoMoonType": "selection",
  "icons": [
    {
      "icon": {
        "paths": [
          "M572.161 512.003l183.464-183.041c8.034-8.034 12.548-18.931 12.548-30.292 0-11.364-4.513-22.26-12.548-30.295-8.032-8.034-18.931-12.548-30.292-12.548s-22.26 4.513-30.292 12.548l-183.041 183.467-183.041-183.467c-8.032-8.034-18.931-12.548-30.292-12.548s-22.26 4.513-30.295 12.548c-8.033 8.034-12.547 18.931-12.547 30.295 0 11.361 4.514 22.258 12.547 30.292l183.469 183.041-183.469 183.039c-3.999 3.967-7.172 8.686-9.338 13.884s-3.281 10.776-3.281 16.41c0 5.632 1.115 11.209 3.281 16.408s5.339 9.917 9.338 13.884c3.967 3.999 8.686 7.173 13.887 9.339 5.199 2.166 10.776 3.282 16.408 3.282s11.209-1.116 16.408-3.282c5.201-2.166 9.92-5.341 13.884-9.339l183.041-183.467 183.041 183.467c3.965 3.999 8.683 7.173 13.884 9.339 5.199 2.166 10.776 3.282 16.408 3.282s11.209-1.116 16.408-3.282c5.201-2.166 9.92-5.341 13.884-9.339 4.001-3.967 7.176-8.686 9.339-13.884 2.166-5.199 3.282-10.776 3.282-16.408 0-5.635-1.116-11.211-3.282-16.41-2.164-5.199-5.338-9.917-9.339-13.884l-183.464-183.039z"
        ],
        "attrs": [
          {
            "fill": "rgb(57, 81, 94)"
          }
        ],
        "isMulticolor": false,
        "isMulticolor2": false,
        "grid": 0,
        "tags": [
          "cross"
        ]
      },
      "attrs": [
        {
          "fill": "rgb(57, 81, 94)"
        }
      ],
      "properties": {
        "order": 4,
        "id": 1,
        "name": "cross",
        "prevSize": 32
      },
      "setIdx": 0,
      "setId": 2,
      "iconIdx": 0
    },
    {
      "icon": {
        "paths": [
          "M60.235 0h1686.588c33.267 0 60.235 26.968 60.235 60.235v60.235c0 33.267-26.968 60.235-60.235 60.235h-1686.588c-33.267 0-60.235-26.968-60.235-60.235v-60.235c0-33.267 26.968-60.235 60.235-60.235z",
          "M60.235 421.647h1686.588c33.267 0 60.235 26.968 60.235 60.235v60.235c0 33.267-26.968 60.235-60.235 60.235h-1686.588c-33.267 0-60.235-26.968-60.235-60.235v-60.235c0-33.267 26.968-60.235 60.235-60.235z",
          "M60.235 843.294h1157.692c33.267 0 60.235 26.968 60.235 60.235v60.235c0 33.267-26.968 60.235-60.235 60.235h-1157.692c-33.267 0-60.235-26.968-60.235-60.235v-60.235c0-33.267 26.968-60.235 60.235-60.235z"
        ],
        "attrs": [
          {
            "fill": "rgb(57, 81, 94)"
          },
          {
            "fill": "rgb(57, 81, 94)"
          },
          {
            "fill": "rgb(57, 81, 94)"
          }
        ],
        "width": 1807,
        "isMulticolor": false,
        "isMulticolor2": false,
        "grid": 0,
        "tags": [
          "menu_open"
        ]
      },
      "attrs": [
        {
          "fill": "rgb(57, 81, 94)"
        },
        {
          "fill": "rgb(57, 81, 94)"
        },
        {
          "fill": "rgb(57, 81, 94)"
        }
      ],
      "properties": {
        "order": 5,
        "id": 0,
        "name": "menu_open",
        "prevSize": 32
      },
      "setIdx": 0,
      "setId": 2,
      "iconIdx": 1
    },
    {
      "icon": {
        "paths": [
          "M877.254 402.746l-320-320c-24.992-24.994-65.514-24.994-90.508 0l-320 320c-24.994 24.994-24.994 65.516 0 90.51 24.994 24.996 65.516 24.996 90.51 0l210.744-210.746v613.49c0 35.346 28.654 64 64 64s64-28.654 64-64v-613.49l210.746 210.746c12.496 12.496 28.876 18.744 45.254 18.744s32.758-6.248 45.254-18.746c24.994-24.994 24.994-65.514 0-90.508z"
        ],
        "tags": [
          "arrow-up",
          "up",
          "upload",
          "top"
        ],
        "defaultCode": 59962,
        "grid": 16,
        "attrs": []
      },
      "attrs": [],
      "properties": {
        "ligatures": "arrow-up2, up2",
        "name": "arrow-up2",
        "order": 6,
        "id": 315,
        "prevSize": 32
      },
      "setIdx": 1,
      "setId": 1,
      "iconIdx": 314
    }
  ],
  "height": 1024,
  "preferences": {
    "showGlyphs": true,
    "showQuickUse": true,
    "showQuickUse2": true,
    "showSVGs": true,
    "fontPref": {
      "prefix": "icon-",
      "metadata": {
        "fontFamily": "icomoon"
      },
      "metrics": {
        "emSize": 1024,
        "baseline": 6.25,
        "whitespace": 50
      },
      "embed": false
    },
    "imagePref": {
      "prefix": "icon-",
      "png": true,
      "useClassSelector": true,
      "color": 0,
      "bgColor": 16777215,
      "classSelector": ".icon",
      "name": "icomoon"
    },
    "historySize": 50,
    "showCodes": true,
    "gridSize": 16
  }
}